"DESCRIPTION","DURATION IN MS","NAME","PARENT SUITE","START TIME","STATUS","STOP TIME","SUB SUITE","SUITE","TEST CLASS","TEST METHOD"
"","793","Scenario 5: Problem User Image State Validation","chromium","2026-09-04","passed","2026-09-04","SauceDemo Comprehensive Multi-Scenario Test Suite","e2e\saucedemo_scenarios.spec.ts","",""
"","3369","Scenario 2: Validate Dropdown Sorting functionality (Price Low to High)","chromium","2026-09-04","passed","2026-09-04","SauceDemo Comprehensive Multi-Scenario Test Suite","e2e\saucedemo_scenarios.spec.ts","",""
"","2841","Scenario 3: Verify Locked Out User Error Handling (Alert/Validation UI)","chromium","2026-09-04","passed","2026-09-04","SauceDemo Comprehensive Multi-Scenario Test Suite","e2e\saucedemo_scenarios.spec.ts","",""
"","1641","Scenario 5: Problem User Image/Asset State Validation","chromium","2026-09-04","passed","2026-09-04","SauceDemo Comprehensive Multi-Scenario Test Suite","e2e\saucedemo_scenarios.spec.ts","",""
"","6044","Scenario 4: Performance Glitch User Inventory Load","chromium","2026-09-04","passed","2026-09-04","SauceDemo Comprehensive Multi-Scenario Test Suite","e2e\saucedemo_scenarios.spec.ts","",""
"","4414","Scenario 1: End-to-End Standard Checkout Flow","chromium","2026-09-04","passed","2026-09-04","SauceDemo Comprehensive Multi-Scenario Test Suite","e2e\saucedemo_scenarios.spec.ts","",""
"","4272","Scenario 2: Validate Dropdown Sorting functionality","chromium","2026-09-04","passed","2026-09-04","SauceDemo Comprehensive Multi-Scenario Test Suite","e2e\saucedemo_scenarios.spec.ts","",""
"","4325","Should successfully login, add item to cart, and complete checkout","chromium","2026-09-04","passed","2026-09-04","SauceDemo E2E Checkout Flow","e2e\checkout.spec.ts","",""
"","6276","Scenario 4: Performance Glitch User Inventory Load & Multi-Item Grid Check","chromium","2026-09-04","passed","2026-09-04","SauceDemo Comprehensive Multi-Scenario Test Suite","e2e\saucedemo_scenarios.spec.ts","",""
"","4018","Scenario 3: Verify Locked Out User Error Handling","chromium","2026-09-04","passed","2026-09-04","SauceDemo Comprehensive Multi-Scenario Test Suite","e2e\saucedemo_scenarios.spec.ts","",""
